1,cave
2,test1
3,test2
4,test3
5,test4
6,test5
7,test6
8,test7
9,test8
10,test9
11,test10
12,test11
13,test12
14,test13
15,test14
16,test15
17,test16
18,test17
19,test18
20,test19
21,test20
22,test21
23,test22
24,test23
25,test24
26,test25
27,test26
28,test27
29,test28
30,test29
31,test30
32,test31
33,test32
34,test33
35,test34
36,test35
37,test36
38,test37
39,test38
40,test39
41,test40
42,test41
43,test42
44,test43
45,test44
46,test45
47,test46
48,test47
49,test48
50,test49
51,test50
52,test51
53,test52
54,test53
55,test54
56,test55
57,test56
58,test57
59,test58
60,test59
61,test60
62,test61
63,test62
64,test63
65,test64
66,test65
67,test66
68,test67
69,test68
70,test69
71,test70
72,test71
73,test72
74,test73
75,test74
76,test75
77,test76
78,test77
79,test78
80,test79
81,test80
82,test81
83,test82
84,test83
85,test84
86,test85
87,test86
88,test87
89,test88
90,test89
91,test90
92,test91
93,test92
94,test93
95,test94
96,test95
97,test96
98,test97
99,test98
100,test99
